50.000000,0.000000,23.000000,13.545000,17.850294,0.000000,0.000000,0.000000,0.000000,0.000000,0.000000,0.000000,0.000000,0.000000,0.000000,0.000000,0.000000,0.000000,0.000000,0.000000,0.000000,0.000000,0.000000,0.000000,0.000000,0.000000,0.000000,0.000000,0.000000,0.000000,0.000000,0.000000,0.000000,0.000000,0.000000,0.000000,0.000000,0.000000,0.000000,0.000000,0.000000,0.000000,0.000000,0.000000,0.000000,0.000000,0.000000,0.000000,0.000000,0.000000
5.643373,11.392263,16.958681,22.285489,27.325807,32.044320,36.418090,40.436833,44.102637,47.429127,50.440123,53.167861,55.650867,57.931618,60.054111,62.061482,63.993822,65.886299,67.767702,69.659471,71.575267,73.521074,75.495808,77.492359,79.498978,81.500883,83.481949,85.426355,87.320050,89.151936,90.914665,92.605009,94.223780,95.775302,97.266502,98.705688,100.101124,101.459512,102.784512,104.075424,105.326126,106.524375,107.651511,108.682617,109.587122,110.329819,110.872237,111.174290,111.196106,110.899918
5.564335,11.288853,16.831507,22.135428,27.153968,31.851998,36.206717,40.207926,43.857745,47.169783,50.167796,52.883914,55.356526,57.627944,59.741984,61.741595,63.666678,65.552228,67.426873,69.311924,71.220942,73.159848,75.127534,77.116907,79.116275,81.110952,83.084943,85.022587,86.910019,88.736342,90.494419,92.181238,93.797817,95.348673,96.840906,98.282968,99.683233,101.048472,102.382377,103.684231,104.947854,106.160897,107.304557,108.353736,109.277648,110.040845,110.604596,110.928544,110.972536,110.698531
5.487016,11.186887,16.705518,21.986315,26.982864,31.660224,35.995730,39.979269,43.612993,46.910489,49.895449,52.599892,55.062067,57.324116,59.429668,61.421480,63.339263,65.217829,67.085649,68.963897,70.866035,72.797920,74.758418,76.740455,78.732398,80.719657,82.686369,84.617036,86.497980,88.318508,90.071696,91.754749,93.368893,94.918840,96.411865,97.856563,99.261418,100.633276,101.975857,103.288430,104.564756,105.792386,106.952374,108.019441,108.962590,109.746135,110.331086,110.676816,110.742898,110.491015
5.411442,11.086395,16.580751,21.838192,26.812541,31.469047,35.785184,39.750922,43.368442,46.651311,49.623150,52.315868,54.767564,57.020209,59.117240,61.101218,63.011657,64.883187,66.744113,68.615477,70.510634,72.435377,74.388550,76.363095,78.347439,80.327090,82.286320,84.209796,86.084028,87.898529,89.646593,91.325638,92.937104,94.485900,95.979473,97.426565,98.835773,100.214013,101.565038,102.888104,104.176915,105.418921,106.595036,107.679802,108.642014,109.445750,110.051764,110.419161,110.507240,110.277413
5.337637,10.987407,16.457239,21.691098,26.643044,31.278518,35.575132,39.522940,43.124154,46.392314,49.350969,52.031912,54.473091,56.716298,58.804778,60.780887,62.683941,64.548383,66.402351,68.266747,70.154824,72.072308,74.018018,75.984916,77.961489,79.933345,81.884891,83.800962,85.668259,87.476502,89.219203,90.894002,92.502547,94.049948,95.543825,96.993069,98.406388,99.790773,101.150009,102.483339,103.784413,105.040581,106.232617,107.334891,108.315988,109.139752,109.766686,110.155629,110.265610,110.057771
5.265626,10.889953,16.335020,21.545073,26.474417,31.088685,35.365628,39.295383,42.880189,46.133562,49.078972,51.748093,54.178719,56.412459,58.492358,60.460566,62.356196,64.213500,66.060445,67.917794,69.798692,71.708799,73.646911,75.606008,77.574639,79.538512,81.482174,83.390627,85.250766,87.052521,88.789624,90.459935,92.065318,93.611078,95.105015,96.556167,97.973355,99.363646,100.730856,102.074220,103.387331,104.657443,105.865193,106.984778,107.984577,108.828204,109.475912,109.886277,110.018059,109.832133
5.195432,10.794062,16.214125,21.400156,26.306705,30.899597,35.156724,39.068307,42.636609,45.875118,48.807225,51.464481,53.884520,56.108765,58.180056,60.140333,62.028502,63.878618,65.718478,67.568700,69.442323,71.344938,73.275318,75.226461,77.186979,79.142684,81.078262,82.978886,84.831645,86.626682,88.357952,90.023535,91.625511,93.169386,94.663138,96.115953,97.536767,98.932723,100.307669,101.660832,102.985752,104.269588,105.492841,106.629536,107.647851,108.511171,109.179502,109.611159,109.764636,109.600545
5.127077,10.699761,16.094588,21.256386,26.139950,30.711301,34.948472,38.841767,42.393472,45.617045,48.535795,51.181146,53.590567,55.805290,57.867948,59.820266,61.700936,63.543818,65.376532,67.219550,69.085801,70.980811,72.903325,74.846363,76.798599,78.745952,80.673247,82.565830,84.410989,86.199080,87.924280,89.584895,91.183222,92.724968,94.218289,95.672522,97.096717,98.498093,99.880536,101.243262,102.579760,103.877095,105.115636,106.269238,107.305879,108.188718,108.877515,109.330330,109.505394,109.363053
5.060584,10.607078,15.976443,21.113801,25.974195,30.523845,34.740925,38.615819,42.150839,45.359407,48.264748,50.898155,53.296928,55.502107,57.556109,59.500440,61.373578,63.209180,65.034688,66.870425,68.729212,70.616502,72.531019,74.465801,76.409589,78.348405,80.267220,82.151554,83.988892,85.769808,87.488705,89.144113,90.738548,92.277919,93.770563,95.225966,96.653296,98.059849,99.449545,100.821595,102.169438,103.480046,104.733657,105.903957,106.958729,107.860909,108.570014,109.043849,109.240384,109.119707
4.995974,10.516039,15.859721,20.972437,25.809482,30.337276,34.534133,38.390519,41.908767,45.102265,47.994148,50.615575,53.003675,55.199287,57.244612,59.180932,61.046505,62.874783,64.693026,66.521408,68.372637,70.252097,72.158486,74.084864,76.020037,77.950135,79.860274,81.736148,83.565447,85.338962,87.051321,88.701283,90.291583,91.828334,93.320053,94.776380,96.206597,97.618080,99.014787,100.395920,101.754871,103.078522,104.346980,105.533768,106.606473,107.527811,108.257059,108.751771,108.969660,108.870555
4.933268,10.426672,15.744453,20.832330,25.645853,30.151639,34.328146,38.165920,41.667315,44.845680,47.724059,50.333474,52.710877,54.896902,56.933531,58.861816,60.719793,62.540704,64.351626,66.172579,68.016159,69.887679,71.785811,73.703638,75.630031,77.551230,79.452497,81.319706,83.140748,84.906635,86.612222,88.256500,89.842422,91.376308,92.866856,94.323857,95.756714,97.172880,98.576350,99.966324,101.336144,102.672604,103.955684,105.158746,106.249182,107.189490,107.938714,108.454157,108.693276,108.615647
4.872485,10.339000,15.630670,20.693518,25.483347,29.966980,34.123013,37.942076,41.426539,44.589712,47.454545,50.051917,52.418601,54.595023,56.622939,58.543167,60.393518,62.207021,64.010566,65.824020,67.659860,69.523331,71.413078,73.322208,75.239658,77.151779,79.043981,80.902318,82.714886,84.472919,86.171504,87.809859,89.391162,90.921937,92.411066,93.868493,95.303739,96.724338,98.134325,99.532893,100.913341,102.262374,103.559849,104.778965,105.886926,106.846016,107.615043,108.151065,108.411287,108.355032
4.813644,10.253048,15.518402,20.556034,25.322006,29.783342,33.918784,37.719039,41.186496,44.334422,47.185668,49.770970,52.126916,54.293720,56.312906,58.225058,60.067755,61.873811,63.669925,65.475808,67.303821,69.159135,71.040372,72.940659,74.849004,76.751869,78.634814,80.484075,82.287954,84.037909,85.729259,87.361454,88.937895,90.465314,91.952776,93.410380,94.847766,96.272548,97.688800,99.095716,100.486548,101.847916,103.159553,104.394502,105.519779,106.497455,107.286109,107.842555,108.123749,108.088764
4.756764,10.168841,15.407678,20.419912,25.161868,29.600771,33.715507,37.496862,40.947242,44.079867,46.917490,49.490697,51.835888,53.993060,56.003503,57.907562,59.742579,61.541149,63.329780,65.128023,66.948122,68.795173,70.667775,72.559077,74.458157,76.351589,78.225086,80.065067,81.860043,83.601696,85.285581,86.911379,88.482718,90.006536,91.492083,92.949613,94.388887,95.817600,97.239868,98.654881,100.055850,101.429311,102.754877,104.005434,105.147813,106.143877,106.951978,107.528689,107.830718,107.816893
4.701862,10.086401,15.298527,20.285188,25.002971,29.419309,33.513229,37.275596,40.708831,43.826107,46.650073,49.211162,51.545583,53.693113,55.694802,57.590750,59.418061,61.209110,62.990207,64.780742,66.592841,68.431526,70.295369,72.177544,74.067200,75.951025,77.814884,79.645383,81.431242,83.164373,84.840562,86.459729,88.025723,89.545695,91.029080,92.486286,93.927196,95.359587,96.787617,98.210476,99.621334,101.006644,102.345900,103.611837,104.771102,105.785353,106.612715,107.209527,107.532252,107.539475
4.648954,10.005750,15.190975,20.151892,24.845354,29.238998,33.311996,37.055292,40.471318,43.573199,46.383476,48.932427,51.256067,53.393945,55.386869,57.274692,59.094276,60.877768,62.651281,64.434043,66.238056,68.068272,69.923235,71.796144,73.676217,75.550261,77.404295,79.225112,81.001644,82.726031,84.394296,86.006595,87.567005,89.082887,90.563860,92.020492,93.462785,94.898600,96.332138,97.762590,99.183085,100.579998,101.932704,103.213788,104.389719,105.421951,106.268388,106.885132,107.228410,107.256561
4.598057,9.926910,15.085050,20.020058,24.689053,29.059880,33.111855,36.835999,40.234756,43.321198,46.117759,48.654556,50.967403,53.095622,55.079775,56.959460,58.771293,60.547195,62.313076,64.087999,65.883846,67.705491,69.551454,71.414957,73.285293,75.149385,76.993407,78.804342,80.571336,82.286759,83.946874,85.552071,87.106658,88.618204,90.096519,91.552325,92.995747,94.434732,95.873522,97.311312,98.741191,100.149457,101.515370,102.811367,104.003740,105.053743,105.919062,106.555568,106.919249,106.968208
4.549186,9.849902,14.980778,19.889717,24.534104,28.881996,32.912851,36.617767,39.999198,43.070162,45.852980,48.377607,50.679655,52.798210,54.773585,56.645121,58.449184,60.217463,61.975665,63.742688,65.530286,67.343260,69.180104,71.034065,72.894510,74.748478,76.582304,78.383160,80.140409,81.846650,83.498387,85.096250,86.644774,88.151742,89.627150,91.081878,92.526176,93.968073,95.411858,96.856729,98.295738,99.715105,101.093979,102.404651,103.613239,104.680800,105.564805,106.220898,106.604831,106.674471
4.502355,9.774745,14.878185,19.760899,24.380544,28.705386,32.715028,36.400643,39.764695,42.820144,45.589197,48.101643,50.392886,52.501774,54.468366,56.331742,58.128017,59.888643,61.639122,63.398181,65.177451,66.981656,68.809264,70.653548,72.503948,74.347626,76.171073,77.961654,79.708949,81.405792,83.048926,84.639222,86.181446,87.683592,89.155845,90.609245,92.054163,93.498717,94.947239,96.398932,97.846812,99.277027,100.668613,101.993718,103.218292,104.303195,105.205686,105.881186,106.285214,106.375406
4.457577,9.701459,14.777294,19.633633,24.228406,28.530089,32.518429,36.184676,39.531298,42.571199,45.326468,47.826722,50.107156,52.206377,54.164183,56.019392,57.807861,59.560805,61.303516,63.054551,64.825416,66.620755,68.439011,70.273485,72.113690,73.946909,75.759796,77.539908,79.277044,80.964273,82.598582,84.181080,85.716766,87.213847,88.682699,90.134518,91.579803,93.026754,94.479754,95.938009,97.394502,98.835307,100.239354,101.578650,102.818975,103.920999,104.841774,105.536497,105.960462,106.071071
4.414866,9.630061,14.678129,19.507950,24.077725,28.356144,32.323097,35.969910,39.299057,42.323380,45.064847,47.552903,49.822526,51.912080,53.861100,55.708136,57.488784,59.234018,60.968919,62.711872,64.474253,66.260631,68.069422,69.893953,71.723814,73.546410,75.348557,77.118008,78.844781,80.522183,82.147443,83.721914,85.250825,86.742600,88.207803,89.657791,91.103185,92.552277,94.009493,95.474049,96.938894,98.390031,99.806284,101.159524,102.415364,103.534287,104.473138,105.186898,105.630634,105.761523
4.374232,9.560570,14.580714,19.383876,23.928533,28.183587,32.129074,35.756393,39.068021,42.076739,44.804389,47.280242,49.539056,51.618946,53.559181,55.398038,57.170851,58.908348,60.635399,62.370212,64.124035,65.901357,67.700572,69.515030,71.334400,73.146210,74.937439,76.696038,78.412246,80.079609,81.695599,83.261814,84.783716,86.269943,87.731250,89.179155,90.624404,92.075377,93.536548,95.007141,96.480075,97.941284,99.369487,100.736420,102.007536,103.143131,104.099849,104.832454,105.295794,105.446821
4.335688,9.493001,14.485070,19.261439,23.780863,28.012457,31.936401,35.544169,38.838239,41.831327,44.545150,47.008796,49.256804,51.327035,53.258487,55.089163,56.854127,58.583864,60.303024,62.029641,63.774832,65.543008,67.332535,69.136791,70.945525,72.746387,74.526522,76.274080,77.979524,79.636637,81.243138,82.800870,84.315528,85.795967,87.253132,88.698702,90.143551,91.596145,93.061008,94.537375,96.018133,97.489150,98.929045,100.309420,101.595568,102.747605,103.721976,104.473233,104.956005,105.127024
4.299242,9.427371,14.391219,19.140666,23.634745,27.842788,31.745118,35.333281,38.609757,41.587195,44.287181,46.738621,48.975828,51.036406,52.959079,54.781571,56.538677,58.260629,59.971862,61.690228,63.426714,65.185653,66.965383,68.759312,70.557265,72.347020,74.115889,75.852219,77.546699,79.193352,80.790147,82.339170,83.846352,85.320763,86.773540,88.216525,89.660717,91.114672,92.582964,94.064839,95.553155,97.033716,98.485041,99.878603,101.179538,102.347784,103.339590,104.109301,104.611331,104.802192
4.264906,9.363694,14.299181,19.021581,23.490211,27.674615,31.555264,35.123772,38.382623,41.344392,44.030534,46.469771,48.696184,50.747118,52.661018,54.475326,56.224563,57.938709,59.641977,61.352039,63.079751,64.829364,66.599190,68.382666,70.169697,71.948187,73.705616,75.430534,77.113854,78.749842,80.336714,81.876803,83.376276,84.844420,86.292566,87.732714,89.175993,90.631049,92.102506,93.589622,95.085228,96.575067,98.037559,99.444050,100.759524,101.943743,102.952764,103.740727,104.261835,104.472386
4.232686,9.301986,14.208975,18.904211,23.347290,27.507973,31.366876,34.915686,38.156880,41.102966,43.775262,46.202299,48.417927,50.459227,52.364362,54.170487,55.911847,57.618166,59.313434,61.015141,62.734009,64.474208,66.234026,68.006926,69.782895,71.549965,73.295785,75.009106,76.681071,78.306188,79.882923,81.413856,82.905390,84.367030,85.810299,87.247361,88.689472,90.145367,91.619724,93.111813,94.614441,96.113288,97.586681,99.005842,100.335604,101.535557,102.561569,103.367580,103.907584,104.137667
4.202591,9.242258,14.120621,18.788578,23.206011,27.342896,31.179994,34.709062,37.932575,40.862965,43.521413,45.936258,48.141112,50.172790,52.069168,53.867114,55.600589,57.299063,58.986296,60.679598,62.389555,64.120255,65.869960,67.632163,69.396932,71.152428,72.886471,74.588015,76.248433,77.862475,79.428861,80.950416,82.433782,83.888681,85.326830,86.760556,88.201242,89.657715,91.134707,92.631500,94.140880,95.648465,97.132492,98.564061,99.907856,101.123301,102.166077,102.989928,103.548641,103.798097
4.174628,9.184523,14.034135,18.674706,23.066400,27.179414,30.994652,34.503940,37.709749,40.624434,43.269036,45.671698,47.865792,49.887861,51.775494,53.565263,55.290850,56.981459,58.660627,60.345474,62.046454,63.767571,65.507061,67.258448,69.011881,70.755652,72.477751,74.167340,75.816019,77.418786,78.974610,80.486569,81.961538,83.409462,84.842249,86.272389,87.711394,89.168185,90.647546,92.148774,93.664632,95.180685,96.675076,98.118787,99.476359,100.707051,101.766361,102.607841,103.185075,103.453739
4.148802,9.128794,13.949536,18.562616,22.928487,27.017560,30.810887,34.300361,37.488446,40.387420,43.018180,45.408669,47.592018,49.604495,51.483394,53.264993,54.982686,56.665415,58.336485,60.012832,61.704769,63.416221,65.145397,66.885850,68.627813,70.359709,72.069701,73.747157,75.383909,76.975201,78.520256,80.022399,81.488746,82.929460,84.356643,85.782949,87.220019,88.676866,90.158328,91.663720,93.185785,94.710031,96.214515,97.670102,99.041193,100.286883,101.362495,102.221388,102.816950,103.104655
4.125119,9.075080,13.866839,18.452331,22.792295,26.857364,30.628732,34.098362,37.268707,40.151967,42.768890,45.147222,47.319843,49.322743,51.192922,52.966358,54.676155,56.350988,58.013931,59.681731,61.364564,63.066270,64.785033,66.514437,68.244797,69.964671,71.662395,73.327543,74.952182,76.531802,78.065880,79.557992,81.015492,82.448763,83.870101,85.292325,86.727205,88.183847,89.667144,91.176429,92.704427,94.236591,95.750894,97.218088,98.602436,99.862875,100.954552,101.830641,102.444335,102.750909
4.103582,9.023392,13.786059,18.343869,22.657851,26.698856,30.448222,33.897980,37.050573,39.918117,42.521214,44.887402,47.049314,49.042657,50.904131,52.669412,54.371312,56.038236,57.693024,59.352233,61.025899,62.717780,64.426034,66.144275,67.862904,69.570610,71.255905,72.908574,74.520915,76.088668,77.611564,79.093430,80.541860,81.967457,83.382711,84.800606,86.233041,87.689216,89.174081,90.686988,92.220643,93.760449,95.284296,96.762827,98.160168,99.435102,100.542606,101.435669,102.067296,102.392565
4.084197,8.973739,13.707211,18.237252,22.525179,26.542064,30.269389,33.699251,36.834082,39.685913,42.275195,44.629258,46.780481,48.764287,50.617074,52.374209,54.068211,55.727214,57.373820,59.024395,60.688835,62.370814,64.068464,65.775430,67.482200,69.177595,70.850305,72.490324,74.090184,75.645878,77.157388,78.628797,80.067936,81.485628,82.894560,84.307879,85.737616,87.193063,88.679229,90.195484,91.734520,93.281691,94.814806,96.304400,97.714468,99.003642,100.126731,101.036545,101.685901,102.029688
4.066964,8.926128,13.630308,18.132496,22.394301,26.387015,30.092265,33.502210,36.619273,39.455396,42.030877,44.372834,46.513392,48.487683,50.331800,52.080801,53.766906,55.417976,57.056375,58.698274,60.353430,62.025432,63.712385,65.407967,67.102751,68.785694,70.445664,72.072865,73.660066,75.203509,76.703434,78.164173,79.593801,81.003361,82.405734,83.814232,85.241016,86.695475,88.182674,89.702005,91.246146,92.800402,94.342507,95.842889,97.265416,98.568572,99.707001,100.633340,101.300220,101.662343
4.051886,8.880567,13.555363,18.029621,22.265241,26.233737,29.916879,33.306893,36.406183,39.226606,41.788302,44.118176,46.248092,48.212891,50.048358,51.789238,53.467449,55.110576,56.740743,58.373927,60.019742,61.681692,63.357858,65.041948,66.724623,68.394976,70.042053,71.656271,73.230634,74.761638,76.249778,77.699641,79.119540,80.520740,81.916318,83.319751,84.743330,86.196541,87.684505,89.206639,90.755606,92.316669,93.867483,95.378377,96.813092,98.129969,99.283492,100.226125,100.910321,101.290596
4.038963,8.837062,13.482387,17.928641,22.138020,26.082255,29.743263,33.113331,36.194849,38.999581,41.547511,43.865325,45.984626,47.939960,49.766796,51.499568,53.169889,54.805065,56.426977,58.051407,59.687826,61.339653,63.004943,64.677435,66.347879,68.005506,69.639539,71.240611,72.801962,74.320340,75.796499,77.235279,78.645233,80.037849,81.426398,82.824521,84.244645,85.696346,87.184808,88.709471,90.262987,91.830574,93.389817,94.910944,96.357576,97.687911,98.856278,99.814973,100.516273,100.914513
4.028196,8.795619,13.411392,17.829575,22.012657,25.932594,29.571444,32.921556,35.985305,38.774361,41.308545,43.614325,45.723038,47.668932,49.487162,51.211841,52.874276,54.501493,56.115129,57.730769,59.357738,60.999372,62.653697,64.314489,65.972583,67.617349,69.238191,70.825955,72.374122,73.879690,75.343674,76.771166,78.170962,79.554770,80.936057,82.328629,83.745045,85.194978,86.683671,88.210588,89.768374,91.342204,92.909594,94.440674,95.898948,97.242476,98.425435,99.399957,100.118146,100.534160
4.019584,8.756243,13.342386,17.732435,21.889173,25.784778,29.401449,32.731601,35.777586,38.550980,41.071442,43.365217,45.463371,47.399854,49.209500,50.926101,52.580658,54.199910,55.805250,57.412063,59.029531,60.660902,62.304178,63.953167,65.598794,67.230568,68.838073,70.412372,71.947184,73.439762,74.891379,76.307381,77.696807,79.071584,80.445378,81.832159,83.244617,84.692522,86.181179,87.710077,89.271853,90.851644,92.426896,93.967648,95.437287,96.793741,97.991038,98.981149,99.716010,100.149605
4.013125,8.718936,13.275379,17.637236,21.767586,25.638828,29.233307,32.543494,35.571724,38.329475,40.836239,43.118038,45.205666,47.132766,48.933854,50.642396,52.289080,53.900363,55.497387,57.095339,58.703256,60.324298,61.956442,63.593529,65.226574,66.845226,68.439252,69.999929,71.521218,73.000627,74.439687,75.844000,77.222846,78.588374,79.954444,81.335194,82.743445,84.189064,85.677418,87.208023,88.773509,90.358976,91.941806,93.491947,94.972674,96.341785,97.553163,98.558623,99.309935,99.760914
4.008816,8.683703,13.210380,17.543991,21.647913,25.494768,29.067041,32.357264,35.367751,38.109880,40.602975,42.872829,44.949962,46.867712,48.660266,50.360767,51.999589,53.602898,55.191590,56.780648,58.378964,59.989611,61.610542,63.235630,64.855981,66.461383,68.041789,69.588692,71.096293,72.562357,73.988674,75.381100,76.749157,78.105218,79.463337,80.837818,82.241613,83.684688,85.172473,86.704511,88.273427,89.864287,91.454409,93.013654,94.505189,95.886686,97.111885,98.132451,98.899992,99.368156
4.006654,8.650545,13.147395,17.452713,21.530172,25.352617,28.902676,32.172940,35.165697,37.892228,40.371683,42.629626,44.696300,46.604730,48.388779,50.081259,51.712227,53.307560,54.887903,56.468036,58.056704,59.656894,61.266531,62.879525,64.487071,66.079100,67.645748,69.178725,70.672477,72.125021,73.538410,74.918755,76.275818,77.622196,78.972137,80.340112,81.739205,83.179480,84.666429,86.199625,87.771691,89.367659,90.964786,92.532850,94.034912,95.428521,96.667282,97.702708,98.486252,98.971399
4.006635,8.619463,13.086431,17.363411,21.414377,25.212396,28.740236,31.990547,34.965594,37.676551,40.142398,42.388465,44.444715,46.343860,48.119432,49.803912,51.427036,53.014392,54.586371,56.157550,57.736524,59.326195,60.924461,62.525267,64.119901,65.698435,67.251189,68.770093,70.249835,71.688689,73.088967,74.457038,75.802905,77.139385,78.480925,79.842158,81.236303,82.673521,84.159369,85.693451,87.268386,88.869176,90.473021,92.049617,93.561923,94.967370,96.219428,97.269467,98.068786,98.570712
4.008754,8.590457,13.027492,17.276097,21.300544,25.074123,28.579744,31.810113,34.767468,37.462880,39.915153,42.149381,44.195244,46.085139,47.852264,49.528765,51.144059,52.723437,54.287038,55.849233,57.418471,58.997562,60.584382,62.172909,63.754525,65.319444,66.858171,68.362857,69.828432,71.253427,72.640417,73.996023,75.330492,76.656864,77.989779,79.344037,80.732989,82.166896,83.651379,85.186071,86.763595,88.368921,89.979196,91.564036,93.086302,94.503309,95.768400,96.832802,97.647666,98.166162
4.013005,8.563528,12.970584,17.190780,21.188686,24.937816,28.421220,31.631660,34.571347,37.251244,39.689980,41.912408,43.947922,45.828603,47.587312,49.255858,50.863333,52.434736,53.989946,55.543131,57.102588,58.671042,60.246342,61.822502,63.390997,64.942183,66.466754,67.957079,69.408332,70.819303,72.192826,73.535780,74.858654,76.174707,77.498777,78.845828,80.229345,81.659686,83.142539,84.677570,86.257401,87.866978,89.483393,91.076188,92.608129,94.036419,95.314274,96.392787,97.222963,97.757820
4.019381,8.538673,12.915710,17.107468,21.078816,24.803492,28.264685,31.455213,34.377257,37.041673,39.466908,41.677576,43.702783,45.574287,47.324612,48.985226,50.584898,52.148326,53.695135,55.239283,56.788919,58.346680,59.910388,61.474095,63.029367,64.566706,66.076993,67.552817,68.989597,70.386381,71.746265,73.076382,74.387464,75.692991,77.007996,78.347611,79.725450,81.151973,82.632933,84.168029,85.749887,87.363428,88.985694,90.586154,92.127483,93.566775,94.857127,95.949497,96.794750,97.345755
4.027875,8.515889,12.862873,17.026168,20.970945,24.671165,28.110157,31.280793,34.185223,36.834193,39.245968,41.444918,43.459858,45.322224,47.064198,48.716906,50.308789,51.864246,53.402643,54.937730,56.477506,58.024519,59.576566,61.127735,62.669686,64.193067,65.688944,67.150130,68.572289,69.954726,71.300798,72.617896,73.916992,75.211788,76.517513,77.849462,79.221384,80.643838,82.122641,83.657531,85.241136,86.858354,88.486181,90.094015,91.644444,93.094458,94.397035,95.503006,96.363098,96.930036
4.038477,8.495175,12.812074,16.946886,20.865085,24.540852,27.957656,31.108423,33.995270,36.628831,39.027187,41.214462,43.219180,45.072447,46.806104,48.450932,50.035042,51.582533,53.112509,54.638512,56.168390,57.704602,59.244920,60.783469,62.312003,63.821315,65.302661,66.749076,68.156466,69.524399,70.856492,72.160391,73.447310,74.731174,76.027404,77.351460,78.717226,80.135359,81.611746,83.146157,84.731229,86.351838,87.984934,89.599851,91.159091,92.619544,93.934074,95.053388,95.928080,96.510733
4.051179,8.476526,12.763315,16.869629,20.761245,24.412565,27.807198,30.938121,33.807419,36.425611,38.810591,40.986238,42.980776,44.824986,46.550361,48.187337,49.763691,51.303220,52.824767,54.341665,55.861609,57.386969,58.915493,60.441342,61.956366,63.451502,64.918198,66.349708,67.742189,69.095462,70.413410,71.703933,72.978488,74.251218,75.537741,76.853681,78.213053,79.626618,81.100327,82.633989,84.220247,85.843960,87.482035,89.103743,90.671504,92.142112,93.468321,94.600719,95.489768,96.087917
4.065972,8.459936,12.716594,16.794401,20.659433,24.286317,27.658800,30.769908,33.621692,36.224557,38.596208,40.760272,42.744677,44.579871,46.297000,47.926151,49.494767,51.026341,52.539454,54.047226,55.557201,57.071660,58.588326,60.101398,61.602819,63.083676,64.535604,65.952083,67.329513,68.667976,69.971616,71.248590,72.510594,73.771993,75.048598,76.356199,77.708943,79.117691,80.588463,82.121105,83.708271,85.334802,86.977565,88.605770,90.181762,91.662240,92.999853,94.145072,95.048235,95.661658
4.082843,8.445401,12.671913,16.721206,20.559658,24.162120,27.512475,30.603800,33.438111,36.025692,38.384060,40.536589,42.510908,44.337129,46.046050,47.667405,49.228302,50.751929,52.256601,53.755229,55.255202,56.758713,58.263459,59.763677,61.251408,62.717884,64.154931,65.556252,66.918494,68.241999,69.531172,70.794424,72.043695,73.293568,74.560048,75.859089,77.204972,78.608657,80.076233,81.607587,83.195381,84.824443,86.471603,88.106013,89.689943,91.180005,92.528745,93.686522,94.603553,95.232027
4.101781,8.432913,12.629267,16.650046,20.461927,24.039984,27.368238,30.439815,33.256693,35.829037,38.174171,40.315216,42.279495,44.096788,45.797538,47.411127,48.964326,50.480013,51.976241,53.465706,54.955646,56.448163,57.940930,59.428222,60.902176,62.354172,63.776227,65.162267,66.509187,67.817588,69.092137,70.341500,71.577858,72.816012,74.072161,75.362425,76.701214,78.099592,79.563716,81.093513,82.681657,84.312964,85.964229,87.604550,89.196127,90.695484,92.055074,93.225144,94.155797,94.799094
